{
  "epochs": [
    1,
    2,
    3,
    4,
    5,
    6,
    7,
    8,
    9,
    10,
    11,
    12,
    13,
    14,
    15,
    16,
    17,
    18,
    19,
    20,
    21,
    22,
    23,
    24,
    25,
    26,
    27,
    28,
    29,
    30
  ],
  "loss": [
    0.10703934729099274,
    0.03238452225923538,
    0.02855861932039261,
    0.026507653295993805,
    0.025543443858623505,
    0.024605033919215202,
    0.02440575137734413,
    0.023633794859051704,
    0.023136310279369354,
    0.022947203367948532,
    0.022758234292268753,
    0.022732723504304886,
    0.022385941818356514,
    0.02238573133945465,
    0.022352781146764755,
    0.02205847017467022,
    0.022192202508449554,
    0.022315222769975662,
    0.021929530426859856,
    0.021861296147108078,
    0.02191852033138275,
    0.021746402606368065,
    0.021894941106438637,
    0.02163473702967167,
    0.02173018455505371,
    0.021764006465673447,
    0.02153998427093029,
    0.021640274673700333,
    0.021499022841453552,
    0.02153709903359413
  ],
  "reconstruction_loss": [
    0.08547494560480118,
    0.011395779438316822,
    0.008414652198553085,
    0.006829076912254095,
    0.006370719987899065,
    0.005946365650743246,
    0.0061217001639306545,
    0.005633865483105183,
    0.00539224362000823,
    0.005402031820267439,
    0.005334895104169846,
    0.005400219466537237,
    0.0051237065345048904,
    0.00519963912665844,
    0.005214105825871229,
    0.004979482386261225,
    0.005148250609636307,
    0.005300397984683514,
    0.004976056050509214,
    0.004925152286887169,
    0.005007423926144838,
    0.004869136027991772,
    0.005050962325185537,
    0.004824087489396334,
    0.004933998920023441,
    0.004992978181689978,
    0.004788385238498449,
    0.004927662666887045,
    0.004807123914361,
    0.004854715894907713
  ],
  "kl_loss": [
    21.56416893005371,
    20.98878288269043,
    20.14391326904297,
    19.67856216430664,
    19.17268180847168,
    18.658681869506836,
    18.28409194946289,
    17.999910354614258,
    17.74403190612793,
    17.545133590698242,
    17.423337936401367,
    17.332538604736328,
    17.262208938598633,
    17.18609619140625,
    17.138622283935547,
    17.078989028930664,
    17.043949127197266,
    17.014850616455078,
    16.95347023010254,
    16.93614959716797,
    16.911088943481445,
    16.877235412597656,
    16.84398078918457,
    16.810678482055664,
    16.796180725097656,
    16.77103042602539,
    16.751577377319336,
    16.712631225585938,
    16.691913604736328,
    16.682416915893555
  ],
  "latent_dim": 8,
  "batch_size": 64,
  "sample_size": 100000,
  "input_features": [
    "PM2_5_ugm3",
    "PM10_ugm3",
    "NO2_ugm3",
    "CO_ugm3",
    "O3_ugm3",
    "Temp_2m_C",
    "Humidity_Percent",
    "Wind_Speed_10m_kmh"
  ],
  "architecture": {
    "encoder": "Input(8) \u00e2\u2020\u2019 Dense(64,relu) \u00e2\u2020\u2019 Dense(32,relu) \u00e2\u2020\u2019 z_mean(8) + z_log_var(8)",
    "decoder": "z(8) \u00e2\u2020\u2019 Dense(32,relu) \u00e2\u2020\u2019 Dense(64,relu) \u00e2\u2020\u2019 Output(8)",
    "total_params": 6104
  }
}